A008E96F-5A9F-486A-91AE-BA217A7BEA94,1
A019C558-6861-4783-8587-3B63DCE5F8E7,0
A01CDD9E-7257-4167-AB8B-7FA54771BBFE,1
A0223990-4B0D-4D1A-8ED4-294836A8B00E,0
A02D7229-B087-4213-B286-EFEB2D3306A5,0
A03A9DFA-D7B0-4B98-8199-E42440D4D185,0
A0442460-1470-4317-BD99-32E4F33769CB,1
A056D751-583C-434A-BFE9-86E7241EC4F6,1
A07257E2-C594-4210-8C91-E7B0523010AD,0
A07DCF8B-975C-415E-846B-434323B6FCCA,1
A09BFFC8-1BA2-419A-846D-3F80A5375BF4,0
A0D3BE0B-0CA5-4E02-A94E-8F8A765EB0CF,1
A0D43175-2EC7-4655-974C-C7F79CDE533B,1
A0D93832-E7E8-4A6F-ADCC-77B6954B45FE,1
A0E4E98D-05D8-4466-B505-1F32B5B25A27,1
A0F68EB0-A8DE-4F38-ABE4-36C6E8A44B86,1
A1123AD3-A1F7-40F7-8549-DFE5AFB44860,1
A125D18F-E9BF-4CD1-A471-8F15315C2492,1
A12D5E9D-9A3D-4B6E-BC4E-EDB0AA547F9B,0
A13E43E0-EF07-4B1A-BBCC-27976593DE90,0
A184324A-FA9A-46D5-8C18-40E9FC18F304,0
A18CE8AF-CD9F-404B-AA29-1F4D6E4ED993,1
A19AB60B-F615-427D-9F9A-720A7A6235B3,1
A1BCD37F-AB8C-4ADD-96F4-CAA9B1C8C8CC,1
A1EDD093-2AC3-45D2-B18A-4DC64ACA9D72,1
A2173D80-B1AE-426B-8ACE-F440D5F8CE20,1
A21B50CC-C339-4F56-BFFA-9B186080AAA1,0
A21B870B-0EFD-4EEE-8A3A-A475D4589BBB,1
A21F8B1B-8DBB-40DA-AEFB-B81B9EC80A3A,1
A248F09F-00F1-4F8B-A7D5-79E410AACD63,1
A27AE50E-3CF2-4EEB-8EB5-9489FEC5E52A,1
A2923943-5511-4CB9-AC9A-2FE802AB37E0,0
A294C5CD-64D4-43DE-AEDF-0B9A0FA44D67,0
A295170A-9C3D-4452-8740-B536648E539A,0
A2A4DC8E-942F-495A-9F69-4524F182B9DE,0
A2AD29E7-2E61-4094-A0B0-3D157F2E5ECE,0
A2D92A0B-2EAA-4689-9B65-79C2FC8942E3,1
A2DD35F1-6422-4600-8DF0-CE2C01138D54,0
A2EB1609-9758-4DBC-8E11-FE0E5B652A43,0
A2EBBAC1-AB85-44DA-A627-0B64CE4A235E,0
A2F6C898-BFFF-4BE9-AA62-445F6C7B852E,1
A3277BAD-1B37-4818-AD3E-EC716FD5C1E2,1
A334D38F-54C3-40AC-BF44-9DC2143A0E99,0
A3AA4E32-C9C1-4053-A86C-C12F63D4AD36,0
A3C7F6DA-6AA0-42E5-BDB0-3ADE4238779C,1
A3EAA1A9-C3AD-4DBA-9E43-10568C4CB7A1,0
A4202885-BC27-48DE-8EB1-B8D0FFEE1C2C,0
A4380C8B-893B-4C8A-8521-7E1607406762,0
A43CF939-9216-4A41-B1AE-D7A8A8E3D7C1,0
A45302B3-57E6-4398-B72A-1726B4434130,0
A46839BE-A54A-4F7B-A56B-3C868B3FB86F,0
A48199DB-4F84-45EB-860E-D9C841E30A51,1
A49199D7-AC88-43E5-A2A5-85487BAC512B,1
A495656D-6F1F-4D65-BAC1-99733DD40B1B,0
A499210B-3028-424C-9ED7-0A55B8A5A952,1
A4E03EC9-4A3B-4CCE-BD92-2E185CFB24A0,0
A507490B-6280-45A8-BE7C-7D19185340E8,1
A515B421-A79E-409F-A72E-B868E449C139,0
A5250590-A115-456D-A886-2A375DD5E898,1
A5308D84-A4BF-4FD6-B6EE-ACCA6D6B1F13,1
A535C4EC-380F-4398-AB71-0F2CF6F2BB42,1
A535C58E-8EFC-45D2-9D80-B48582CF1AAA,1
A5564BF7-EFE4-4E18-A78E-80245CE02A8D,1
A55EC8B9-EF07-4586-84ED-72DBF707600E,0
A577B7D1-76BF-447C-AE61-E8C1392BF0FE,1
A583C686-41B5-47AF-B4B8-CE88C610C070,0
A5AE82AC-B22A-4C08-AAB8-B0FFAA6EDDA7,0
A5C24BE8-6FDD-4CF4-991D-41EF2FF6BEE5,0
A5C6C4E8-B144-4382-81BD-340F101C913D,0
A5CFFC0A-EDF4-4240-A9E3-DB65C52EC6FB,0
A5E014CB-92C7-40E4-AE9A-572C72EDC74B,1
A5F507D0-2277-4639-A6E7-B9A39B83D507,0
A63B14A7-87AA-4D5F-8665-D6B5D275AFFC,0
A64CE359-15BE-4CB2-A7AE-835B01D0A12E,0
A658248A-B85A-4838-9CC7-AD803B9C64B0,1
A694B582-CB34-4CD5-833B-6549DC237773,0
A6B8F52F-1FA4-473D-AF4C-6892BE46EBB0,1
A6BE3B7F-4D48-4AAE-BB31-85EF344195EC,1
A6BF2017-B247-4E2C-9A77-24C612616532,1
A6C9A0ED-4DE3-49BB-B2BF-F7E3577C5CDE,1
A6EA732F-2FA0-4E50-9D89-55EDB7D2A1D6,0
A6F7E34F-AF5B-472C-AFB6-061B1FDEEF46,0
A72C977E-DDB1-466A-8C6C-5D0402FB1568,0
A73C8B61-33F9-499F-B7E0-10AC5CE3D136,0
A751A199-CE85-45CA-8AB6-EAE275CCBDE2,1
A75FAC2D-76D4-459A-8CED-D13FDF654281,0
A76AAFB1-F06E-42CA-968A-46E15A278FCE,1
A77D5AED-170E-486A-AB67-1D5733A872E6,1
A78672B8-69B9-49DA-A535-C5C91E2A6194,0
A786CAA2-7260-4468-89F4-4C60138DFB57,0
A78C7E41-7EAE-405D-AAE7-BA743D9F6ECC,0
A78F66E7-4AFE-4EDA-8369-FCD909A101EC,0
A7B22502-62D0-4102-9601-0E038D5AD657,0
A7C80B01-12E6-4827-A51F-4F7533A34EDE,1
A7DA9F69-95BB-4B63-BEE7-7BD7094C9609,0
A7EE2FA3-F57D-4213-A504-430244BCA901,0
A7F7833F-F8A2-4916-A0BA-35B5F073B311,1
A809E04E-507D-4E15-B5EC-3710F22DD8B3,0
A80E1BFA-BF55-4B14-9752-EF641AED38E1,0
A870F962-8ECC-4969-987A-F04B6DC84A0A,0
A876C592-E1A8-48D0-BC62-1072D03CFDA2,0
A88A4E11-DA27-4662-A3BD-327541A9118C,1
A89B7CCB-7FE8-4C53-BDB7-E89A78EFCDF1,0
A8A88E44-795B-43D2-BA40-29B21704F519,0
A8B4794F-2E42-4B3C-83BE-F3D407D27F61,1
A8C31745-0CCA-401C-A9E4-933515BA45D8,0
A8C34BAF-B28C-4B82-B285-99F0E159ED2D,1
A8DFC765-C5D1-4BA7-80A2-B1FE61719D80,0
A8F9130D-03B9-4A71-911B-882511587D84,0
A8FCF839-2FD7-42DD-BAFC-FD24CA77A224,1
A9079C18-1D23-442B-8E78-5A36B1D55E37,0
A91E72FF-F3C3-4075-9627-4FC67F167A67,1
A92DA823-2E16-44F5-AF52-4C9659D6FACD,0
A94F3FAB-F801-4AC4-964B-4C12A9721DB9,0
A9560891-8E88-472F-9F92-BDEBE5A88C89,1
A959373D-1716-48BC-BD80-69E721820F70,0
A98CCC86-C259-4C67-A1B1-CEA7600A1CA0,0
A9951A37-4DCD-4257-8DBE-119F6B1635EF,0
A995C3BC-5F5D-4B3B-B24D-61F784809C94,1
A9AFF02F-8449-41A6-A6A2-27812BD64287,0
A9BE4FAC-3BA3-4887-9AC7-C721ACA38B15,0
A9C3DB97-FC58-444B-B989-652D10DD9C6B,0
A9D00C19-644D-4FEB-A9EA-AC86578C6D10,1
A9F06F20-4BA3-4351-B743-7BDA5C0DC9D4,0
A9F55125-0BF3-4041-86CF-BC83A0CCF092,0
AA073EC0-1D3B-4A06-96D9-E01DA3FC1272,0
AA2B5222-5A37-4101-B060-7B592DA42864,1
AA3DF1E2-C8A6-40E5-B8D6-5EA730D87C11,0
AA47AEEE-3EC4-48B0-88BE-F0AC8A0962AB,0
AA582E24-6316-49FA-907E-15A7BB7B31BA,0
AA5921AB-014D-4A88-8AD4-AE4DE65D21EA,0
AA5E6724-F707-41C7-94A0-174C51E88BA2,0
AA668F58-C70B-4555-AF94-F8A30988369D,0
AA78E3C7-C1BF-4EFA-A830-A77CA22E6703,1
AA96AE2B-BE1C-4F54-8B20-DEAC4AED2051,1
AAA7A002-C502-4609-B192-F04B7424DF6A,0
AAB28BA4-A24B-41A6-B017-8AF39C484809,1
AAB46D03-A713-41B4-9B8C-CE1FD4EEB258,0
AABC6849-765D-4369-9932-9565E30079F2,1
AAC5745F-7586-4E1A-A7DF-36038E4BAE25,0
AACB3DDA-72DE-462F-AF30-244A3AA5B64C,1
AAD628F6-6C46-4DB9-B788-4EE602F4B137,1
AADD7AF2-B768-4F50-B6FD-D40EC8F87C2A,0
AAE781AA-C2B0-4367-8F2E-B3134D1EA5DB,0
AAEEE235-A7D1-4CB8-A266-864061A49C18,1
AAFDBBF3-14B8-49FC-8EE2-584A50FA5865,0
AB0B91C1-53F4-4320-9B9C-B931DD8B1004,0
AB245249-2839-44D4-95F8-DCF255EE4578,0
AB54F159-BCCA-4236-A0BE-968666C749E8,1
AB8C6D87-71CD-49E5-9959-4319DCF1FF01,0
ABAF76F1-98A2-43CD-AF2E-EE947F48EF1A,1
ABC2449C-4D32-4FC3-8074-FD06DE25D82C,1
ABD87ADF-57A2-494C-8E4D-1848AE5C2119,0
ABFADC02-0FBD-4826-83FE-A3A9146FAE0A,0
AC08C48D-920F-451E-BCBB-237331741EFB,0
AC11111E-B214-446E-BEDC-5C915FA73C48,1
AC1B5EFA-1752-4131-99BB-59324A82A5B6,0
AC1F2C9C-07D3-4E78-A640-19EE20DEB9BE,1
AC3087B2-4F3C-4492-8315-D5A9B933DB69,0
AC3C0423-4476-4E9D-A7EF-DC089CE622B7,0
AC407D77-3D70-4FF1-9B9E-58EF87E99DCE,1
AC4A3E6C-551D-42A0-AF33-990B9FC76BD3,1
AC580153-B5B0-4022-999F-632E2662AA99,1
AC5CD1E6-5314-41D8-BFF4-142D7B09DD87,1
AC5ECA25-0265-4432-BDD8-CE9DB0DB9450,0
AC5FFDA3-0CE3-4234-983A-6611FEBC30F3,0
AC845AF6-4232-4D2F-827F-81A031A054F3,1
ACDAD9CD-DBE0-4BA7-9518-F935E416D00C,0
ACDB5B6E-0C51-49ED-97DE-5C4D625654D9,0
ACE1D403-AAEA-4490-BABC-66CB08CE2FD2,1
ACF7618A-3591-45B5-B087-83209856DFD1,0
AD0C0131-89D8-42F1-B0FD-7589D8983F4B,0
AD1A51EF-5F1E-4220-A704-DAD4D23F492D,0
AD30E309-0343-4340-AE3B-FAADD89DC25D,1
AD3B24B7-A400-4E76-B700-334ACE61E4DA,1
AD3C753A-3611-4A14-9FE6-C6A5908E4B87,0
AD852B05-3CF5-4190-AB0C-5E83AD50F16A,0
AD87A9DD-2ED1-4D59-B36C-4A0AD9EE159C,1
AD959C96-9F6E-4992-BE3D-8AB710742F9E,0
ADC9402F-165F-4883-BB92-12DFD3A16995,0
ADD952A8-8F9B-4ADA-BDEA-15201D9AB7A9,1
ADE526A8-DE4C-41D4-94D1-372FC191CBBE,0
AE05CAEB-CDC5-4AD0-8662-8AB9A6F57FDF,1
AE061A4F-6CDF-48E8-B5EE-A88C2B953674,0
AE1530BB-36D0-4CA6-865F-9D500EF0FA33,1
AE2767B6-5982-42D3-B112-D0AFD55F91ED,0
AEA014F5-73FF-4D86-B204-1955C58B02AA,0
AEA43035-E498-41EB-94C7-96773C0754AB,0
AEBA289C-988C-4AF7-BC86-2F29408B1354,0
AED8E3BD-7B66-46E8-ADAA-DDF800E23504,1
AEEED98B-AC58-47D3-9EEF-4768836239B1,1
AF006C7D-7E57-4F20-AAE9-4E42C206081F,1
AF05FB24-3320-4968-967A-2D07129661FF,0
AF13C165-ECE7-46E1-B3D0-28FFF979884D,0
AF3649DE-C6EE-40C6-8D63-9C695691B5D9,0
AF5E6D31-91EE-424E-ACB2-72FE1108967F,1
AF608E93-9A27-4504-B1D2-1B4E442DD94C,1
AF608FFF-8904-41FD-A509-8698CD9D363A,1
AF7A2946-6D80-412A-A3C0-94C584700B99,0
AF8526EB-B145-41CD-84BD-94E3734E63D8,1
AF9E4FFC-12CC-4FDB-9DD5-DD05D9BE92A1,0
AFB4FE3C-CD07-46E2-90A0-4A04BCD29205,1
AFC38613-2361-411F-9DF4-46882DA146C4,0
AFD63488-5AB6-47C2-A94C-9BF7C0C6F198,0
AFDCB268-EBA7-42AF-99D7-073731FDF0EC,1
AFE615F3-628A-418B-A4B2-A0B9516DA164,1
B00177F2-71CB-42AF-8CF9-184424405CF7,1
B0055C58-D300-46C9-BD1D-3EE55CDF6383,1
B0102F88-B205-4A09-A9BD-C0A16BC9D21D,1
B02D74B8-3D4F-4B6B-8631-360ED4EE9270,0
B0393FA3-2E15-473C-ACFD-20A514A6418D,0
B039EED4-6AF9-4F16-9C93-4145AE025CCD,0
B03CF111-6E1A-4368-B462-995F9D6ABD5D,0
B048A1D9-3F1B-40C2-BC31-800FC9269120,0
B0688068-E34C-480C-943B-CA6CEFD2BDAE,0
B06FD62E-7146-4B5D-9B78-5BEAE3E58F95,0
B0701312-CAA0-47BE-B7B3-77FC21056A3A,0
B07C685F-D938-4B13-B5C0-6720A30464A1,1
B07DD1F6-F830-4CE1-8F90-845275F4334B,0
B080F679-7C0A-47D8-A2D7-59DAA84901EC,0
B0813BAB-EFEA-4AB1-A666-2C3D194508DA,1
B0858A57-B6EA-405F-A8CF-D820FFBFC616,0
B0861D59-06A6-49C3-9AED-DC4A2FFAB2BD,1
B08C7570-7354-4A85-95C8-1857DD252E69,0
B08ED28F-FD16-4C6C-9724-906E338EEDA6,1
B0904262-8555-49A8-ACF5-EBEE2F09A926,0
B0985644-9B24-49B4-969B-609C031AF09E,0
B09F3AD5-0990-47B7-8E9E-A33B8050F2C2,0
B0B6493F-9684-459B-BD45-CEE7A143F26F,0
B0C17FB8-0066-436C-BC3D-4EAC66674037,0
B0C380EA-51A1-4534-998F-7EB3876831E2,1
B0D04CE7-DA06-4FC8-9EF7-E80C9F81A03E,1
B0DC5CEA-E314-4446-94B9-502BEE421239,1
B0E581A8-9F0D-4FA8-9023-899830A79AE7,0
B0E971D6-8825-4201-8C9E-BB204840F4B9,0
B0F56E2D-DE35-4A73-A422-EE8AF18EBFED,0
B104DA06-9902-4912-966B-0ECA4CCBBE6D,0
B11A2131-CB58-49D2-9A27-F8373FFC4291,0
B126BBA9-2B17-444E-8C6E-7B884CE53B7F,1
B151A7F3-36E3-49B7-9708-51458833757C,1
B17DD4A0-F46E-42CB-9504-D59F5AB18F15,1
B182FC10-30B2-4244-AECF-9A63D18EF19C,0
B1C0CBD8-3E87-4C6E-AF4C-F5C5EB705027,0
B1C23DCF-0BF9-48A3-89D5-E9424FFFC159,1
B1C653BE-9926-4C62-926B-039AE9DCB46A,0
B1F2112C-699D-479F-B63F-807514A97087,0
B1FB4867-C3D3-4F80-B0FE-88789CE907EF,0
B1FC5865-6755-4588-BB62-902447F64D95,0
B21FE759-DE33-4A09-AD75-BE790BF3C4EF,1
B24D074D-3492-4C40-A29A-3C33169479D2,0
B2543AA5-ED0C-46B0-94FB-A8E2B91B1016,1
B2985D0F-8817-44A5-8805-1A9A7B409D5D,0
B29C2B7C-47C2-49F5-83B9-F7176945B922,0
B29F77FB-3498-4AA3-8088-B2BCCF76F913,0
B2A11FD8-B56B-4AC1-93ED-3F1C91A5ECAE,0
B2A73192-2465-4CB0-9C93-B0355511FD2A,0
B2A7F5B2-37D6-47C0-884D-E3419DBECB02,1
B2C9AA8D-DE57-4ECE-BA14-E5C491B5CDFD,0
B2DF5A26-2977-4467-B3D3-639A52278057,1
B2E2B0A2-4140-4B12-AB32-5B15FCBBF259,0
B2E9A9C3-9F48-435C-B2A1-87A7CE39D21F,0
B2F1D2AC-7453-44BB-A666-20589473CFC9,1
B305E4D6-BAE4-4F81-BCDC-0FAC825C0AD6,1
B33A3856-03CC-4E9B-B6BA-7672503D23A7,1
B35304F1-0E6E-4B6B-B546-90186B5E8F27,0
B3536EE1-28E5-4D19-A8D6-7B8887479649,1
B359EDB4-1FCA-43EC-993C-FBC57863F361,0
B3683860-2D32-463C-AEB7-444D511E8754,1
B377285D-0473-43E2-B202-1C30D162F1C0,0
B38595B7-1626-499E-8A60-D55AABC66D82,0
B3984038-3C11-497D-8C50-62AF8870EF70,0
B3D2C529-5CE1-4950-993C-C7160C3B2323,1
B3DE0EBD-CDEC-4231-B2D5-64517E70396E,0
B3F4192C-B7C6-4A71-BCDF-5C8C21C67180,1
B3FB6C97-7040-451C-AFFE-0F6CDF9B2CC5,0
B4059267-1FDC-48D2-9DC5-860817D79DB3,0
B40AC834-90FE-4922-A18E-67A9BBAF9717,0
B43834D1-7177-467A-84C1-BB50C955BE14,1
B445DE39-546F-4A15-9334-E3BA57C6264C,0
B4563858-DA67-4C48-925F-118571EF1ADF,1
B45C310F-D4C1-4E01-BAB8-3E7B3513E265,1
B472CBF6-2D73-4F32-8244-03F1C6136177,1
B48C8169-F445-445C-B9DB-FF14598CED8E,0
B4928830-744E-4D00-81AA-2C7A7BA44C62,1
B4A74854-2942-48E2-B8C5-E8F1BC7FB5F7,1
B4C9CEC3-6309-423D-9D2D-6628D939E39F,1
B4D34221-FE64-473C-A548-3200E7440C33,0
B4D46F16-AE66-4D77-B5A8-3477C0F9AB44,1
B516813D-E88E-4C80-B14F-2D4177A37039,1
B5168F60-5DC7-4086-ADE2-F841C20DFDA9,1
B52DF09C-A0FA-4029-9B5A-5A2E511818E8,0
B54DD3A6-B1C3-4417-916C-6BDCF2372E2D,0
B581BFAF-1E09-46FD-8A53-A496203D4514,1
B584807C-5965-4921-91CB-E091959D58A7,1
B5B5005E-07F0-4668-8F22-479F01E836A6,0
B5B8A94D-4791-4386-927B-077F8E018926,0
B5C6DC99-A78B-4338-8E8C-D9476E3C82D8,1
B5F7DA9C-909B-42E6-8E4D-E17989B0396A,1
B604FC50-76FE-495B-A34D-7555ECFE9077,0
B60F1260-B669-4BFC-B42B-54B234BB78E1,1
B624BF66-6A01-4182-BE47-A89D022C72B4,1
B6581431-EAE8-42EF-8352-A8C2374D237F,0
B673531D-F76E-4B66-BBF9-9521A81B5A48,0
B69D60B5-DB8C-4EED-9EBE-2F74F426B77C,1
B6A512F9-A099-4777-B0E9-487A2BB0CF77,1
B6AAFD82-4C5F-47E6-8BB0-666556D6190E,0
B6C201BD-1D8B-4D98-B6C0-BD4A0417FD3D,0
B6C8178E-04EE-43CD-A6BD-789F120C2C7D,0
B6C928F4-27A2-4D4D-B877-C9B84F4C321A,0
B6E50765-7CC2-4AB2-8F73-49426FF58C05,0
B6EBFBBD-8A54-42F7-85AA-7B99B210C86C,0
B70E76BF-E21B-4224-B5D1-49CA5F8A72CE,0
B711749E-1D0B-4F88-8E91-AE0416AD5E81,0
B712A2E9-FA71-4161-9BB9-77B1E2C85A7A,1
B73EACEF-09AC-43A7-A4AB-786D9EBA53DC,1
B7462AB6-9ED5-4A6C-950A-48CC2177E39D,1
B753EC8D-F791-4AE1-B279-4D8A9CBFE590,1
B7652730-AF77-42D7-81A7-BC6065AB8501,1
B76B50E5-4E46-42C1-B3C8-00AFC2CB6CC9,0
B7725476-389C-4A95-AC8B-8A4948A8B1F4,0
B77CF733-1DDE-4D1B-AD37-5D6BC0B3923E,1
B78FB29C-7C5D-4A91-A399-83DDF6516B4B,0
B7940F49-0390-4542-864C-2451E1D78E16,1
B795B1AB-6A3A-44AF-BA30-86D42D8162EC,0
B7C4DDED-73CA-4A55-A672-E011B20DD3BD,1
B7D6ADEB-BC01-4614-B6BC-0C7B23227DD7,1
B7DFA35C-017A-40E6-8DCB-7EAC0A54420E,0
B7F03280-6DE3-4ABD-8B3F-FD51ABCBCA4D,1
B7FBA74F-2801-4673-8145-1C8E4C8A229B,1
B810A00B-6CF7-4222-B8C8-E3DFAFFB7EE8,1
B830F03C-3C9F-4FEA-8E35-446FC728AA34,0
B83A1A78-F171-4B20-8977-E2F46AF13CD4,1
B848CABA-7C75-4D97-A066-7C3A16365BBA,0
B8694C36-F1CF-40BA-A00B-157B3BDFE2A6,1
B8A461E6-2D95-4DA1-82D5-9B77240EF746,0
B8AD8D5F-65EE-4E0D-8ED8-7ED7E41399A3,0
B8C4188A-250C-42EE-B29B-0FEDC1E96BED,1
B8F08F58-EBA7-4CF1-A410-8360C7AE0716,0
B8F1E9F2-9AB4-41D8-86AA-ABE04C8F9891,1
B90B10EE-04F8-43E6-BA0E-AC198F0FC8FC,0
B9139AA4-43FD-46CE-960F-C0187804132B,1
B9295E96-7D28-429D-B121-14F6480F42B4,0
B938BC63-B64D-4956-828A-5171FC0A6B91,0
B94F9842-554E-4506-A427-460F3FBD09FF,0
B952F738-5A90-4458-9FD3-CE10DCDDF759,1
B95546A5-94A1-4EDE-B20D-84BF0E4534F3,1
B95886BB-AC0A-4D5B-A0DA-4AF92D71FCDF,1
B96B055E-FF3E-4715-8B22-A95BDD2AE1BF,0
B9775CA2-F241-4DE2-B4F4-2A1B3F17287F,0
B98509AB-5998-488E-9F60-84C2CFF60189,0
B9908E6F-D29F-436A-ADE5-A7E699D197EF,0
B9C86C9C-9D78-4DE7-9041-2A3F9DC1DD01,1
B9E30286-EC8D-4DEA-840E-E86A113A90DF,1
B9E8D043-D6CB-4D43-9B75-AD1ABCA7FCEA,1
B9EC19A9-E7D1-45DD-BD50-4A3A03CF7167,1
B9EEC3E7-7F38-449C-899A-43D0B46DE1B1,1
B9F6A418-AC39-43EB-AECA-3E0622334DB7,0
BA06F322-56DF-4211-800F-F1FBAB876E99,0
BA3CAC14-9F45-4D0F-A282-B1726358CE97,0
BA64B93C-EE96-4819-B4C2-90265663DCBF,0
BA755FC6-AB91-4B1B-8912-FB9F48DC0165,0
BA7F99DE-E631-4050-A2B9-10DD0C603349,0
BA868A37-37DC-4826-82EE-974853B61DE2,1
BAAFEE5B-54DE-45A1-B275-62A481F7FCBA,0
BABABD2C-4EE5-4B8E-A923-B09A37290803,1
BABF82D6-9230-4F17-B9C1-BE3D55C113DB,0
BAC6464B-2FD4-4C48-BA75-8F7C63DC04FA,0
BAC90144-3E39-44F8-81E6-E9E2B7C61127,0
BACAF3B3-9439-4BF4-8134-765D40DA9664,1
BAD1E99E-882E-42AA-BE71-4330BF3F7394,0
BAEA28CC-A019-4307-9B6F-E1EAB817047B,0
BAF0B233-B400-4E41-8C71-C2C55311D879,1
BAF5801D-1621-43A6-B582-42BC9724DB83,1
BB1402DB-B05F-4D9C-8E32-0F53C344EFA7,1
BB1519D9-01E6-499E-A698-98F84BDD9861,0
BB18D442-092C-43FE-9139-84037A46969E,0
BB3D777E-AEE1-43B2-8E4D-7437257FC980,0
BB64C04D-7DC5-40A3-9923-9D70FBDAFDC1,1
BB7AE60D-2CCD-495D-9013-221869146974,0
BB9BA65A-3662-4E73-9379-0AE8D7176C80,1
BBA75C6C-938B-4248-8063-252F5C3A9405,1
BBAEA1EE-5A9D-4A03-A41E-705BD8E859B1,0
BBCF88FF-1944-46D2-A2EC-FFA4B6421AFB,0
BBE4383D-3E28-4A2E-955C-AF5FDCD55175,0
BBE5EECD-720A-419C-8408-D1C337176665,1
BBFAEAE6-AF5A-410F-8A53-2F5489A47836,0
BC0FE59A-6A70-43B6-9879-07E9CD9D7711,1
BC1002DB-8438-4807-8A4B-B4A9B8B00FCD,0
BC149FAB-5309-49C4-A756-B49AA735AF91,0
BC19232C-446C-4B6C-9F1C-56F11DF8FEE1,0
BC1F5D77-BA4D-4495-9B40-262035420318,0
BC36FDF4-1E2E-42D3-B704-7CF3685A6915,0
BC3F0DC0-933C-411C-96C5-4D10E629BD25,1
BC5E196D-9B0C-4CCB-A3B6-FDA2531BC6AA,0
BC5E2E9C-9B1C-443A-BA37-BC4A55F17A0A,0
BC835A5F-2A20-45D5-8174-F324CB1FB73E,0
BC8EC126-59D9-4B51-9874-868D9D286243,1
BC93B675-9796-4B7C-B2E3-46C77D507A4E,1
BCBA88DB-CB26-4C79-9ACC-9F6C9CEB7E29,0
BCCE9E50-4CE6-498B-8654-E541866D9468,0
BCF2C382-47BD-465A-B064-0D139C415CCD,0
BCF4A3C0-A7CF-4D9E-A919-3022ADA6D105,1
BCFD88B4-C85A-45D7-91BF-FAD6FED500F9,0
BD00E084-DA0E-46D0-B70C-518CAAA0C6DD,0
BD066F84-0311-4103-B627-94681556D469,0
BD278375-950E-44B6-87B6-DACA97084B30,1
BD3785FE-F78F-4D87-8C9F-77B1CFFD692D,1
BD434E7B-D7BB-4B56-B502-C256CE0D3F8B,1
BD5B675F-07F5-4815-A1AE-26C32DCA1B39,1
BD6C66A9-65BB-4296-9CC3-847AA780101A,1
BDB24C1E-2D31-4FFF-899F-380DF11DB8B5,0
BDB7378A-63BE-4DD0-A58A-D4B44BFB48ED,0
BDCD6ECE-3F75-49A7-B84E-0EC3EA4CF701,1
BDD26907-F392-43C2-B76B-229BC7BC0C7A,0
BDDCAF56-9510-477E-A24A-84554D6F1470,0
BE155079-96A7-4A55-937B-F3A534A3802B,1
BE19746F-7578-4F60-BD68-BE4FBA2F6A48,0
BE233380-FEA6-4776-A9D2-7281917C99AC,0
BE2FA022-C2C0-4F54-A3A6-DCA2E3D4A29F,0
BE32359F-72A6-4FAB-BCFC-F3BCE455096C,0
BE3D99A5-0128-402E-8C91-5094DD0048AB,1
BE466CF8-20DE-408B-84F8-60B60ECC933A,1
BE560EFD-70E1-4505-8D0E-315798DC1ED8,1
BE8CF55E-9392-41AA-B9A9-7C030CCFB8B3,1
BE8F4E94-47CA-416A-90D7-F41EBF749932,0
BE94AA61-C858-484D-BB07-609413D14A98,0
BEA783DE-C90B-4946-BA85-58F9AEC1BD71,1
BEAD8D0F-401F-4770-82E1-77FE6EC1E96C,1
BECB12FD-B27B-4BD9-85A3-1B56863AB0F1,0
BED9AABD-9826-4B05-8605-719A0281A869,0
BED9BED7-83FA-49D4-98F5-C6280E0581A3,0
BEDAEE6A-E316-45BF-A3A4-213D9102A649,1
BEEBBF1E-AE03-4A90-A47A-8F9F59C64D61,0
BEF50999-B1EA-47B0-9FF4-74D3BD1D46DE,0
BEFDB661-BECE-4EEB-9BAE-C56300F4E3ED,0
BF13C573-912D-424E-8419-34120D8B3172,0
BF1AA54A-F338-4D57-BA0D-1A009447FE8F,1
BF273AAB-6C54-4D18-B249-B3C49C0176D4,1
BF306D45-7AE7-4F68-966C-42F9BD7E00AA,0
BF42F4F5-D3F7-4855-BFBF-EC5499F0E28E,0
BF8BF660-4F3B-4A5E-A918-7BC4FED0906D,1
BFB1A145-A2F2-4790-8068-A18F7A9577F7,0
BFD0AAC8-68D6-41E7-B4D3-77792C168182,0
BFEC6B30-DE3C-427D-A25C-346711585CAE,1
BFF35ED2-83D3-422B-B4BF-A024CB2F9E7B,1
BFFF5955-E928-4693-9C66-06C57FE08D21,1
C0111C7B-63A5-4482-846B-DDA2354F83C2,0
C020CD2E-2A61-4710-81C5-8EB112E291E3,0
C023D65C-3B72-45CE-BE78-D5F58F64FA1B,0
C031E12D-A3EB-4BC1-8335-46F8B44F22D6,0
C04C7F34-D262-4F3D-B882-39CB04426109,0
C04CF253-5D65-40AC-9976-3D3C857B7768,0
C04F2E38-CE5A-48F9-A478-F3E3624A835E,1
C0625996-5570-4359-B7C0-5067AED0D547,1
C0687AD4-B3A4-4B58-B334-553BD89DDD74,0
C07EAC51-7E14-4AB7-B498-927F10BC95B2,0
C09105B1-5D2C-4378-9F85-72C55A522773,0
C0930D00-F3E7-484A-9263-6C983A69DECF,0
C09F32AF-D6F3-42E0-8943-EE28728D8E1D,1
C0BF7953-ACC6-4AE3-957E-DFD41CA2FA66,0
C0D49393-8D1E-42C8-8B01-F42ABD85A038,1
C0D4CA4D-C6AD-494B-9563-5A215A3A6DC8,0
C0D61962-A7D7-4EBD-A9F8-AAC794EFC2AF,1
C11714DE-8964-4BD8-B666-B9E5BB1C9914,1
C167D153-8E03-483B-ACAF-DA2BAB67E2EB,1
C16AFF00-14A0-4CB3-BDA4-0B91486B26AC,0
C181055A-3CD2-465C-B6FC-1A81745CD48D,0
C194861C-1AE8-438D-A266-D9DD86F52D33,0
C1CD06C9-0625-4C4A-91A7-148D3DDD79BD,0
C1E6A18C-17D0-4F8A-B1FD-4B0352A73F08,1
C1E988F5-59E3-4358-9E48-CE1AC2C24BE3,0
C2109D27-B319-4960-AB63-456B293E6308,0
C215B41C-5BC8-4069-82A1-405298A55EB0,0
C222421D-E55C-4581-B1D3-CFA8C6FC6D22,1
C22DEE86-996C-4F25-B3B3-B5054A27E2DB,0
C22F4B2B-D221-4E05-87FB-E08227363563,1
C233D9CB-EC91-4785-8533-81A809CF5092,0
C259015B-8F8C-4569-B333-895693B30A6E,0
C267E168-C5C2-4CA3-A325-6E541B178E9F,0
C28EBAF3-196B-4249-A26A-518BF1403A87,1
C290CC56-359B-49F8-9B71-E83A3B64ACBA,1
C2B580AD-CF1D-443A-8BB0-FAD17DE26516,0
C2E5D7A2-C747-41CC-89CB-4B5AEC9BB6E3,1
C2EBAC87-CE69-4AE8-ABD5-27F97A891746,1
C30DBAEC-DE0C-456B-87DA-62AF193BE77C,0
C346AC3F-CD5E-4371-946F-8482455D05B2,0
C3486AE1-AECA-4D70-957A-509DD72FD623,0
C36975F6-83CD-4ABB-8996-7BC4DADD3580,0
C36A2B49-118E-4B7F-BA4F-CBC86C60A31C,1
C37028C0-24D6-4F66-9EEE-08003C8E13E4,0
C3717218-6E71-4B48-B41C-5AC1DC0A0BE8,1
C37BBF72-743A-435F-A983-36D2505EC507,0
C3A16062-ABE6-46CB-A82B-58764D061D03,1
C3AF819F-D8CD-46A0-AC48-17681540A0D1,0
C3CEC307-38D3-4217-ABE8-6C483378D111,0
C3D97549-0277-4562-AD48-95EC3A04A418,0
C3E749FE-122A-48DD-961C-C730CE61FBC1,0
C3F02F67-F159-4562-87AA-966D2D3059BD,0
C40B3C11-7EEE-4AA3-95C3-D332BCC7BA90,0
C40EAD24-C069-4854-B1C6-96D7A33E0912,1
C41825F4-2DD8-4BA3-8403-DE49C72F1D26,0
C421D40F-E510-4BE0-B8BB-D086F7951DCF,0
C42A3176-FFEB-4A00-9637-6F13324AF8D1,1
C437A144-B14A-4EAA-B4D3-C03263C8C242,0
C46C04DF-D297-4B86-ABEE-EB64E71D15BF,1
C4D5D369-EA01-4DCF-ABEC-356EF3CC6322,1
C4D82404-F5D4-408D-A6F3-7EE8D03FE475,0
C4F496A3-DCD3-4FE5-B905-AB02943B57B0,0
C4FB5DFD-A60B-4EAB-B3E9-43D67224C0B2,0
C502952F-7785-4E1A-8116-476796E98986,0
C50A5B05-1C76-452C-9E24-4AC1CA26FE54,0
C533310A-64C1-4837-AB86-AF261FB0AE86,0
C533E7AC-BAC1-4DD6-91B8-79CFE1EF2690,1
C541F4AB-B836-4AEB-83A5-D29A0F53BA9D,0
C5618FFF-98A0-40D7-AE9B-A53713E4CC33,1
C5724AC9-48E5-4C60-A12D-CD93374C09B9,1
C575BCDF-753B-4940-8609-3E28B28B76F9,1
C58083FB-6763-4069-99CF-17BB06C0E473,0
C5ACE041-3AF9-4C85-B80C-93FB7A3E24B2,0
C5D9B948-DD61-44B6-A891-B7B06081D3AD,0
C5F8FB76-0CA1-464E-90E5-7B45067C9545,1
C5FB4A42-5DDF-4CEF-A81D-8A28780BDC5A,1
C6009189-B55E-4DF1-BADB-884A17B2D17E,0
C602912F-B76A-4E48-BE4B-2A8228035A34,0
C60F7EEE-6E8D-4F10-B37A-5F6EEAFDF9CF,0
C6239D0D-6B0D-471D-8B79-A7D20004F404,0
C63139A9-FA87-458E-AEFA-1B6562F38925,0
C63DF8D7-998A-417D-A6B9-D1FE69DB8816,0
C64B7D29-5398-4631-AD61-4488B9BED440,0
C65AF425-8592-472A-9251-560DC357E1F0,0
C65CD769-7D72-4D9F-AAAE-762C4C25B4AD,0
C6649EFA-09B3-4117-8C81-10CA0008D8FD,1
C666F295-F91B-4393-85C2-A512E020094D,0
C67B632E-FBD4-46C3-9946-F79781A9B6C7,1
C6A23E1B-E83C-4240-B097-E14FC952F0F3,1
C6B1BF7E-5EBF-479B-8B11-720A30680CFF,1
C6BB7FCC-11E0-46E2-8805-0426BBBB4502,0
C6CAAEA7-EAB1-4A5C-BB25-52EE585F491F,0
C6E8F94D-31F3-4CB2-985A-5F7A4D53B4D6,1
C6EF3800-8F26-4092-AD45-02229FC3207B,0
C70BA50F-9A49-448B-9035-DA001375BFF8,0
C71455BE-982E-46B7-AAF2-58BA415FD7B2,1
C716BA83-FA81-4614-ABBE-A3B3715F2E0F,0
C719B58F-4B13-401B-97BA-2E43CDA6C425,1
C721E878-81D7-466A-A905-049FB4F584C4,1
C72989C0-2C50-43CD-98B7-151143B01545,0
C72F2FC8-0C21-428A-93A9-CCFCB3EF108B,0
C7440218-C466-4B85-9E74-8AFCCD8BA331,1
C747E78A-7B49-4645-875D-FE5A575D4A9A,1
C74A0D12-0E9D-481A-873D-824C17BBFFBF,0
C768FFE0-0EAB-4120-B6D4-EA3640794C2A,0
C76D7059-FF0C-481A-A351-A414E1F18C87,0
C77016BE-C2B6-4219-ADDF-E3E3980C0C2E,0
C79E1747-46A3-4B11-AABB-8B3B6DB1684B,1
C7A9693A-16FA-44BD-B328-45ACDFCCC055,0
C7AB19E4-79A2-4353-8F3C-993951642545,1
C7E54A48-E93E-4144-88C3-37760A04E085,0
C7F54E6A-1ED0-4169-95A1-E84A7777725C,1
C8111EAE-ADAD-4826-B6EF-367452EC902D,1
C8148C93-5892-45AA-884F-64E2745F8C3B,1
C8421DFC-F09E-4508-958E-9CA250869C6E,1
C844D72E-2FBD-46C6-9644-D6766CD01257,0
C84DEA30-1849-4990-951A-B3A92D1F1E6C,1
C85C22CB-FB94-427D-83D1-6F2F34484623,1
C85F9401-7254-4FDD-B929-4EEC6FB719DD,1
C86D1615-46C4-45C5-9A0E-F35F0E09CD87,1
C87C61F3-1F4A-4A98-A586-837DF828ABF4,0
C89C464C-18F3-41E6-A471-B4FC1BE61703,0
C8B60C4C-D982-484A-9F3C-BD03466B4BE6,1
C8BF35F3-EACC-4C4E-A022-9BC0FFE35723,1
C8C3EA4D-C055-4A95-8F3E-63C2CAB47D56,0
C8E04992-73FC-495E-B173-99298B6B6176,0
C8E086F1-29E7-4198-97B3-D1C23EB127F7,0
C8E46F8A-CED8-4CD2-8002-71E86B59448E,0
C8F19C78-4770-4A41-B029-6A9B31CBD38A,0
C8FAEBF5-0F07-45D6-A224-FD5F48E43C7B,0
C903ADCF-5828-4929-A91C-647D33935109,0
C90E1F4C-8A82-4A23-AC30-B63AB402EBF1,0
C9136902-BFA2-4E09-87EB-B348BA556BB8,0
C9503937-5892-41B5-B0DC-E831394E4AC9,0
C954F22F-5F83-490E-BC5E-34405DAA1C6D,0
C9639063-5249-4D30-8099-37A691F470FE,0
C963E690-85EA-464B-8061-F58FC4C93081,0
C97BDBCA-B2D1-4B2C-9ACB-9D12CB399AF5,0
C9936990-440F-48B5-BB75-D56BD9723CEB,1
C9B0788D-3C31-4C92-BD0A-7F8FA36BC18C,0
CA1EE799-3525-4FDF-A1A6-CC01214251A7,1
CA207004-ED17-4124-9C06-F270F740CF85,1
CA36FB08-2DFD-41FC-8473-941EC8C1E627,1
CA41D2B0-6813-4C01-9F8C-F228C0BF3EE0,1
CA4CB5D2-19F4-4475-BBE3-5057B08DC1D2,1
CA8EA70C-A70F-41C2-AE2F-FD3DF7EAE8CB,1
CAA2A292-18D4-4591-A771-2D52A2516BD8,0
CAB06491-4115-46A8-A134-80D16F2D01F3,1
CAB35E87-6198-46C1-800E-058B48C78F73,1
CAB4FDCD-E0FB-473E-949F-52A84CE06E3C,0
CACF1A7B-0D0A-4358-B66D-E4DA0487C381,1
CAE000DD-4BAA-4E4C-9DDF-6D4BC34C0478,0
CB104B61-3223-4A8A-851B-202FE2F38EF3,0
CB1ACF38-11E3-409C-A872-24B3D06C0F1B,1
CB1C8668-E0CB-4C68-AE72-03055DC0744E,0
CB354D45-0A0C-4104-A6D7-5E1143A24B5F,0
CB696B5E-BE65-4041-A779-7A3AF7BA1750,0
CB79BF57-E7C8-4A9D-9C20-70E0212CECA3,0
CB7AA1B4-5A00-4A8B-B29A-469E4208B0D0,1
CBD645D2-18EB-4638-ABA4-6F8F21588B1E,0
CBF13CD7-F2D2-497A-BB40-8B14CEDA3CE3,0
CBFDAC66-533B-4626-A208-B0B3BADAFBFF,1
CC0AE4CF-786E-4859-B09F-965189A2A632,0
CC21D2C9-3CDD-442D-AFB3-CDE663C8A84E,0
CC3A219C-6783-43D1-AB56-BEB803117E2E,0
CC5F926B-0385-42FF-AE76-AB88BD3A09A1,0
CC8F585E-5E5F-493A-B02C-0DDE05E1A78C,0
CC9910C2-A822-4832-87C8-B6317491B68A,0
CCAE9D4A-002F-4A8C-B50A-C38A7F39AF13,0
CCBC3F16-B736-4B9B-ADD6-123B5DFB7A7B,0
CCE7C0C8-5120-4D59-8CB1-10A49E841057,0
CCF37758-8AD5-41E4-8C2C-86E991316D85,0
CCFD8DC9-EC73-4E17-9410-E39F9FC6896E,1
CCFE40E3-129E-43F8-AD3C-B290665B859A,0
CD027D7B-CDA8-46FE-9D4C-F966CAB3E207,1
CD190212-848F-41D0-8D18-D482E4310766,1
CD2A1F6E-65F5-44F7-9159-406A53462809,0
CD423795-E0EA-40E2-8F81-625CED286B32,0
CD42C638-6AE4-4C51-9BB9-012249B7443F,0
CD569E5D-4FE4-4A11-9708-47D3B6B6B1DF,0
CD57D2FC-B6A7-42B8-A75A-856195778D36,1
CD9AD6C9-2EC4-4512-93AF-0E01B2AABD42,0
CDA695A7-1D25-4831-BBCD-01B2D1E59089,1
CDB84457-D862-4B42-812E-662B27347C0E,1
CDDF99C5-0CD3-4628-9E02-59285544FD1E,0
CE06E577-3054-4EB3-82C4-0481D3FF167C,0
CE28BC34-C041-4466-BE5A-0530472EC4CF,0
CE318D78-8DAE-4C0C-81E5-54E42CAA6EEA,1
CE447DA3-C9AC-427E-9056-53BC707E5618,0
CE5DE062-F67B-45CD-9D93-BA4C5D8AE94B,1
CE79F465-59EE-418E-BF4B-634C209E0E3A,1
CE7C97AB-CC3A-4B95-9972-E45A59732E0A,0
CE9CF3DF-66F4-4D5C-A682-942AF30D5BAF,0
CEACBF42-A912-4752-B2E2-0107C7F61DE5,0
CEC36AA0-A408-48A6-A055-F48A2DAE3430,1
CEE72E11-9D13-4816-B118-7F8BBCD56476,0
CEF88089-FF85-43AE-9548-4487B605EEFD,0
CF0F4CD1-8779-4198-85AC-7585C5D2634A,0
CF1092C4-0D8E-4F6A-B7A9-95E426D54B3A,0
CF474666-EA11-474A-A9F8-902C04A40217,0
CF5DF454-756A-4AA3-A431-AFAB8A46C27A,0
CF684D09-0014-4897-9A4C-B46259141BE0,1
CFC6A0D3-850D-4669-BDC0-AA5813BDCE9F,0
CFE7F769-5EA9-4C28-B68E-EC1116BF4095,0
D0117461-0428-492E-8E7F-67D9F81D1891,0
D014603A-31FD-40AF-A809-FA874798D15E,1
D019FCB0-AD88-426C-8332-8D70F7359F7C,0
D03F0E4E-9184-4796-8969-231216D7E1CF,0
D0568A7C-F357-4DE2-882B-2BA631D2DB1E,0
D078B8BD-CAF4-4250-85EA-2A09D278A4E0,0
D081C392-9208-4AE4-86D7-8123CD753802,0
D08F5617-20B9-42BC-9344-F46E250CC45C,1
D091B9B4-B8CD-4DDE-8591-A4D88D28AE99,0
D0965A39-DFBA-4B33-BD73-93562EC14EE0,1
D09A9764-CEB9-410A-9FEB-68EB0296BB21,1
D0A1B190-1A59-4B3D-B326-2A4AC56E80A1,1
D0BA88D2-CE3B-4869-8327-7F3D7725B88B,0
D0C67595-068A-4FC5-994F-48E38446EC67,1
D13580E8-FE4E-4941-97C6-38CE8D8147E1,0
D15C91E2-D011-4A10-ACD8-9A269F7EE647,0
D167AAD7-76E3-49B7-8BA5-1960BAA56442,1
D16D7060-5185-41AE-8013-7583376EF22D,1
D1763CC4-FB14-41AE-A3DF-1813A1FBEEEC,0
D17990DD-0E4F-4C20-9E33-DB62277B3CD9,1
D18E4753-5D88-4B0C-A4B5-7E0F1019B2D3,0
D18F70AA-1891-4104-AD94-68847BE81399,0
D1A35735-2527-40BF-99A8-18DD3806727B,0
D1AE2FDC-2826-472F-A306-FD43FD659FE8,1
D1B10CFB-09A4-487E-8225-683F36D093FE,0
D1E5BF3C-9DA4-43E3-8679-AE15F38D3841,0
D1ED0D97-4658-44A2-A358-90E7936CF536,1
D1F5770B-5D27-4685-B7E1-E9FDF9CA0169,1
D25A9102-0E58-47E8-AEA5-CCA9F952D32A,0
D25ED8DC-C3C5-4CAC-BEE9-415D27F5AE2F,1
D27EF794-156F-46A3-AEAD-476F1EDBA133,1
D293A651-7EF6-48D0-BE32-456854BCDA40,1
D29F1634-2898-462E-B095-7C65D656D807,0
D2A9B346-A2F5-4D2A-BC80-404E2F8A9265,1
D2B7BC12-1CFD-4D88-BEA5-0161B139BAA6,0
D2CF3774-E160-44D9-B468-EB6655CFFEA9,0
D2DF8274-A36A-4283-8BA5-B9D234AF3522,0
D2EB62B5-9941-4305-B121-6F367EB84019,0
D303F96D-44D6-4C74-9190-939EE91791A2,1
D305CCB1-6DD0-489E-B77C-42C52D2C7483,1
D317BF6E-42D6-4FEC-A44A-C35998020C9B,0
D31BE955-B6DF-46E8-ABEA-34A6CDFF192E,0
D31ED1B3-0112-4EEF-B2BA-09C6E0EA9CB0,1
D3219202-5D60-4216-83E2-C17B553DB7CD,1
D3276028-9041-4753-AA05-81436332115B,0
D33CD8E4-A95D-44BD-83AB-6A55A8CAEC33,1
D34129EC-6C2D-4CE1-A6AB-3D61F2A4FE27,1
D34F757A-EA9C-491B-A0F8-D123A4F61DDE,0
D3652EBA-0E25-423C-8893-0D60EF18393B,0
D366DC5A-3A02-45B9-BEE1-AA1D2693BBE8,0
D380F407-255B-4512-99C8-F091041EA462,0
D3837387-DAC5-4E80-9A51-DB0E11CD7E74,0
D383B47C-B7E4-4E8A-A1D1-83A6DD72DB27,1
D390751D-7958-42A5-B8A9-4C7498F1E35C,1
D39154D4-66C4-427D-8F6A-5FB9A5206079,0
D39263AE-0F47-4C45-AEF8-C93C58BDB0BD,0
D39AE669-CF10-49C1-BF77-A7F5A973815B,1
D3A0CABC-082C-4159-A6BF-1E39681A765B,0
D3CB666C-D10D-4390-98D9-DED8199BCD66,0
D3E0B1F5-52B4-4E5B-A1AF-F2780E32A387,0
D400D047-4153-4FEC-860A-58B2D3A3A1CB,0
D412F87C-8C5D-43C5-ABFC-DE41689F6B6E,1
D41C01F9-D4B4-45DC-BE0F-E507C42602B9,1
D437241A-F98B-45F0-895E-829D24F76155,0
D453B7A8-423C-4227-AC5D-6D002CFCA292,0
D484DF99-D0A6-460C-8FCF-8AE6DF00ADB8,1
D498134F-7C88-48AD-816C-3D1B979AA863,0
D49CE6E3-287B-4B59-8774-5F68AF4EFCBC,0
D4A195C8-4482-4A01-90AC-9D219C5DD14C,0
D4A989A1-BBF4-420C-8F92-B9EE63B5822B,1
D4DA7CAC-8B60-415A-8396-B33FDFEE9269,0
D4E4E007-EBD0-401D-BEA7-A28A424FCD08,1
D4EE62A0-5F07-4FCA-B679-39B339A56AE6,1
D5014570-43EE-4F46-96DE-E163366932CC,0
D50EF3B5-3999-4C65-BF6D-357B289D272A,0
D5262991-48EA-4C89-9A94-31C0CEF4F070,0
D5348FD4-B208-4B1E-8B70-2F958EAD5589,1
D537C3DE-0EB7-4A67-A48B-78141B45B3C0,1
D55FFE8C-4A09-4B6A-8413-019F8AADD951,0
D57727D3-D1C4-40C1-B15B-BA110AEE6CF0,1
D5865179-BAC8-4A95-BD10-9BDC56C79A86,0
D5899299-08FE-47BA-9D05-FA16A7FF9A97,1
D5976AE4-2D64-472E-91C7-F64802E48057,0
D5C5B2FF-8A9B-42DB-B0CF-E4392B0B6D33,0
D5D24402-40BF-4B93-B292-854AD157C4E0,1
D5D2E473-C72D-4986-8104-9991046E9E5B,0
D6631DFB-7A00-4BC6-A6C7-766F8281F870,1
D66A5DCA-8E81-4A99-BB9D-881399C34AA8,0
D68AFA36-B75E-4752-85EA-487B6B4325EE,1
D69CEDF1-701F-4183-9EAB-36DA7DAFF86D,1
D6BCADD3-9DC6-4279-AEDC-DB6F17A96CB4,0
D6D6A1A3-0D78-4A8D-AA55-2C4A5472958A,0
D6DD790C-5623-4EC4-8284-B850D7716B99,0
D6ED6EDB-7789-4776-94CB-37ED75F00F35,1
D71F5696-8BD9-4FEB-A398-D65F832C4030,0
D72221DC-D67F-4A49-B5E5-883E2BA49B46,0
D7250D34-8C2B-4AAA-91AB-6D560F42B341,0
D7265D3C-700A-4A67-BEFD-107D1F6B872D,0
D7400466-A294-4A1E-B55F-F3318C548F43,0
D764233A-3D71-4F8A-80D8-D38426FBE2C1,0
D76FB1EC-A3EC-49AF-ADF0-9F1C3FCCD71C,1
D78C56EF-64BB-41A2-943B-61FE9CF7ABDA,0
D7A3C3E8-8FE6-456F-B817-0DC400FC1245,1
D7A64CC4-B5D3-476A-8C5A-87EBEAA5C885,0
D7A8FA75-1C99-4F26-AA5D-C966A98274B3,1
D7AAE730-9366-4650-9A36-DBF42BF37835,1
D7BD7D61-ABC5-4101-9A52-2BCFC71E148D,0
D7D627D2-7C71-4F85-B408-72B31B78CEA7,0
D7DA6338-7D13-4F90-AB4D-A108576DD5E5,1
D7F31F47-368D-48A4-ABCC-1E167FEDE547,0
D7F469A6-5E14-4FD8-B993-567CAFD2AF0A,0
D811160B-C05C-498F-9B20-09F378126072,0
D82A0B01-91F4-4579-88BF-1857DE5B318E,1
D82D6979-69FD-48E4-B2D7-8EECDF66C9E4,1
D834CCA2-C85A-4E37-AA22-4FFB53FF9D4F,0
D83B961A-62C8-43AC-94E5-6FE39CA0D050,0
D846E0FC-80C0-4B9A-82BF-B0A862E28FE5,1
D846F014-7FA0-417F-BF48-F89371C47453,0
D859D6D9-7344-4E89-941A-2527E250F5F5,0
D8682CB7-A2A9-44D1-9E67-6433BC4C0595,1
D88F9132-92EF-46C8-A99B-3A637F489876,0
D88FBAF5-6233-4361-934C-4CBA307DF1C1,0
D8A7B560-19F5-4DB2-842A-F1F94FDE84BC,0
D8EDBB9C-FFD6-4575-A760-86505497D093,1
D90ED8AD-A96A-4B64-A727-C721EF1F437B,1
D910FA4D-0CD0-47B8-A481-4457018BB579,0
D91E3E84-6344-4F92-B92C-43FDE7ED1536,1
D9311D98-4162-4CA0-B09F-D599078AC97F,1
D9434B3D-D571-4ABE-9714-2BB709B30B57,0
D968765C-C2DD-4351-9566-523A15E49E9E,0
D96C76B4-3588-4950-B977-82628C8AB1FE,0
D96E4388-DEF5-4E01-B772-1A81200EA310,0
D9726D0C-641C-482E-8E0D-D54FE1F78ECB,0
D9A1E080-71BD-43CD-B828-3911565B56E5,1
D9B46475-2DE8-4A62-83A1-F2DFF8BCA567,0
D9F468C7-ABE7-46DD-9CE3-E3CC7A7EC9B8,0
D9FB70A4-4631-46E3-9D99-8B20A4750E2C,0
D9FD5C64-96FF-42AB-8D31-9B37DEBA5D38,0
DA24C855-9CD0-45FD-BC4D-F076B1A89BE3,0
DA355D15-C9E6-44BF-86D7-4D648206DC8B,0
DA3EBF6F-4520-4872-A6CC-5633858EF782,1
DA4488C9-627C-43DB-9FA8-0E48C9E5C1CF,0
DA4D9DAA-8851-4F21-ADDB-70DEA32AD904,0
DA5B736A-C938-4A1A-AE6D-DF508669E500,0
DA5F6CCD-6669-4A32-A4DA-CA9D1FFA2284,0
DA7C7584-DB4A-4479-88F7-A2AC25C93DF3,0
DA7F06DE-F06E-496F-8C55-8BA3E05E6927,0
DA808922-82DC-4A1E-B7B7-C1D10C9F7203,1
DAA0E892-0FF5-4E5F-9025-5B6DE0AF548F,1
DAA146C2-FC4D-499D-99FF-23BB14A5D6B0,1
DAA6C766-3B73-4C1F-9DF5-7B0BB753F914,0
DACC6C75-A1C9-4CEE-81DA-7D55E28863AF,1
DAEDFCF6-F380-48AD-A91B-5036642E8159,1
DB031E35-8F7A-4FE5-A2A8-FF1229D7E36B,1
DB09B7FB-D714-4213-A7CF-C8EC9BE487A3,1
DB1F5A42-8078-49B5-86E7-EBA3FDFFA496,1
DB21DF26-5237-449F-AB33-C5ED08CA8725,1
DB625D04-7C1D-466B-9060-2BA0A260AE02,0
DB7334A9-AA5F-4CF1-BC32-44CFC457E407,1
DB81F616-E3AB-4DAC-9688-306CD554659E,0
DB977952-8604-4B0A-AF2E-E175D28C61DA,1
DBCD5CAC-3983-4A14-94DB-4E1D8F22C089,0
DBDF4DEA-D17A-4842-AAF2-EB0B097FE4B1,0
DBE8945A-A177-4C73-A0B9-F784334FA9A4,1
DC03B583-76EA-4C07-A299-4A0477B04433,0
DC056555-B4C2-4F4C-B745-C1004ABF8716,1
DC0FFCC1-7C1A-4CA2-8686-9AC030C4E37A,0
DC326DCF-8FEA-43E6-B9CA-49F3025DC2B9,1
DC414BC5-24E6-4F8D-9E72-58089AA57CE3,0
DC5CC368-4381-4319-A648-456C06B117F9,1
DC5F36AC-6CD8-42B3-9C40-B4F84C4CD637,0
DC7A4D0A-5524-43BB-ABDE-DBE25514F118,0
DC84B3EE-64D1-4052-840A-E45E5571C670,0
DCBB43C8-4580-404B-B2E7-D90EF4FEA1F2,0
DCF93833-A20F-44DB-AABA-E81ABD1004A3,1
DCFD14DE-183D-4CC1-8C4A-0A45FAD4D40D,1
DCFF6CB6-4268-4A0F-BA25-C7FA19EA38DE,0
DD2E0FED-49F1-415D-8E5B-46EB5D7AF7C9,1
DD2E8D93-FDC0-45E7-8EF0-A49C561B9151,1
DD507B2B-D6C7-49D3-B466-C84BBE038BBA,1
DD59C612-4132-45A8-9156-9EDF04EAC70D,0
DD6540C4-AC61-4004-8BB1-87E390E7669A,1
DD81AFB9-5912-4B84-8738-101FAFA26B90,1
DDA3C29B-8721-4782-901B-53239800434E,1
DDB2CDB2-878B-4D3D-9B21-2A26F5629690,0
DDB87F8D-E964-45DB-97C8-5F491CAF1EC9,1
DDC94955-0A35-4743-B395-54D6210E487C,0
DE13F7DD-FC46-491F-B0B8-F1CF32A0FFCB,0
DE15BFAE-4FE5-49D7-8023-4A193146373A,0
DE211AAB-2582-4BF5-92A1-75A646DDD6D2,0
DE26DFCF-7AE9-404A-B5EA-647026E57A9E,0
DE3982DA-4C89-4E53-B577-EA9F19FA5367,1
DE401AF2-9907-4F2F-ACDE-8FC6C2DE3615,0
DE4795CB-1771-43BB-9311-A99D2B0217C1,1
DE49414B-C3C8-4317-B52D-1A12CD6B337B,0
DE566DFC-7ED3-4005-AA7A-1B621E933C36,1
DE667536-C0F3-49AD-8E45-46E3709081C2,0
DE6C2C04-9ED9-4BA0-B59D-91224B07E861,1
DE785024-AC89-438A-BFD6-A51CCF68F037,0
DE931213-7965-468A-B008-40140B31B6EC,0
DED67A53-2825-4278-97E9-001E6B5BE4F5,1
DEDADDD1-CAC5-4ACA-825B-8BB59FDD1E32,0
DEE8662A-639F-4971-B8DF-E8A2ACC0BD53,0
DEFA5B55-BE35-4183-964A-699C9B79AED6,0
DF09EE99-2CE0-4221-98A0-CF54831FB78D,1
DF0AD937-7119-420B-9D00-A202887659AF,1
DF3A9B9E-1055-4B15-BFAF-DEA5CD7E7BFD,0
DF479CFD-AEFC-4C6D-9741-C36BD8BAB404,1
DF5A9FFF-0917-47F0-A4E2-FA3C96D8212C,1
DF6836C4-8333-4382-BD17-6772019A045F,0
DF8C1FE5-F253-447E-9130-85A599094E66,0
DFBC700A-7353-4ADE-97CF-C7EDB3C2632C,0
DFBE0C74-1027-4265-824B-9F11304B2FC6,1
DFBFFEB8-E093-453B-A2C9-9123FD168AF5,0
DFC99D06-2AF5-433A-ACC3-0CEC4AF3B2E1,0
DFED9EE7-45C2-4AAF-A976-A03248FE778A,1
DFF2D729-6991-4B72-9E4C-6BF0D6334C4B,1
DFFB751B-9E86-4A67-879D-1886C0E83EBC,0
E0007565-9C47-45B2-B07A-C4E43ED357B0,0
E0094D21-1DA4-448D-906D-2E0B9E19884D,0
E01A41BF-7E9D-45BD-B015-6C21E97D29F6,1
E05D1CD5-0278-458F-A3C3-8C7B18920FB6,1
E068AA30-FCCD-4FDE-84F4-BA6A2106AB09,0
E06BAA31-23E0-4D15-950A-DDC96FA746ED,0
E08214D3-4929-48BD-B7CC-3AEE8F1D8D1A,1
E08A93A6-07C1-426F-9F5A-96852B45F893,1
E08BE841-67D9-4D43-A98B-4FB29FAB7447,0
E09A82FC-E0A3-4A47-9902-482CEE1C17D5,1
E0A8F0C9-665F-4121-B595-587AFAF2CA3B,0
E0CB1F40-E629-47C3-BE48-8F40B2E5CE1E,0
E0CB6025-3557-4547-8E04-D4FCCB8EC21B,1
E0DDEECA-3AC6-427D-AF85-C15AFEE0A122,0
E0E3ADAC-C8C6-432F-9405-D453196145A7,0
E109C3AB-BDEA-4BBB-B9C5-A23C5ED586E2,1
E1131AFF-F617-48C9-AFC4-5644E8B489E9,0
E1390A57-4C47-4157-885F-2580CB58D54B,0
E142F079-5A15-483C-B2C0-023D6A4E4C15,0
E14D2989-EB87-4B9B-8BBA-2B9BEF281403,1
E160671A-A726-431E-B381-F0E419BB7359,1
E161D09A-1BF0-43F8-B252-892755EE5294,0
E1790DED-D3F0-450F-A658-047BD75421D2,0
E17A5D0C-525E-4BDB-8A65-642C669E5467,1
E180E411-F7F1-4E3F-9F94-8E867052874F,1
E1866825-FBD9-4CA5-8A1E-3E073501A18A,1
E18FBF35-6783-4662-A443-AD1F4C8E1795,0
E1905099-1077-4089-BFA3-C55AEC2C8E8D,0
E1968005-521A-44A1-A2E8-F7A20E55663F,0
E1A44CF6-2C75-4F7F-B1AC-82D9671E48EF,1
E1C1564C-4633-46C0-93AB-0E4D977DF56F,0
E1F50C30-BD41-408D-81A1-945DC95B53F7,0
E2058D72-340F-4A75-9457-B9CAA107A8DC,1
E21BCE26-7EA2-4BD7-8AB0-D9B8828DF7FA,1
E21EEFD1-9C79-4149-8E83-F3AA3AECCAF4,0
E232E16C-D78F-4F17-990E-CB02A86F958A,1
E23943C7-17F0-4FF8-B75F-71CC3D5C433E,0
E25D4950-1E60-49E6-ADBC-E6259B147EC2,1
E2638D4A-9640-42D9-9F24-B433F597A53E,1
E26994D7-AC65-4382-9B9F-F4B59EE6C5C7,0
E27A7168-9F6B-47FB-B645-7CED530309FB,1
E2AE4677-AC0E-472A-A0F6-368E9616DA70,1
E2DC4684-FA16-48F1-9EEC-2E7C2FF8278D,0
E2E8052F-5EBF-4C66-9C73-5800F6FEBE9F,0
E2F5C49D-06E2-4711-AE8D-782F2B306855,0
E305776C-1F70-469D-875D-6F0B95E41043,1
E338BACA-CA95-43D0-80A0-51E23A91B448,1
E33DB8D5-720E-4D67-BD7F-C14BFCD9C654,1
E341B470-4FB5-43F9-A259-2CB22CEEE330,0
E342885A-8922-4660-B81F-FAC506096A74,1
E342C906-1252-42DC-BD24-88EFB95994FB,1
E34E6A4F-2FE0-43DD-8060-239D9FD426DA,0
E3872FCA-CA7F-4C9D-B0D3-150934D3EE1F,1
E395BBBB-1D07-4994-A747-2BC0104EBB0C,0
E3D0B377-5821-419A-8863-66E74CBCB0B7,1
E3D1E15A-B71D-4AC9-B329-1F7DFE9FA148,0
E3D2527E-9B73-4E2C-BA42-084DACB257A7,1
E3D70F9D-789E-473B-A24E-87022F1B1FF3,1
E400EBDF-1F88-4642-9871-FE4B81FFB2B0,1
E41F47BE-7A5A-4D32-873A-75B7017340EA,0
E42A8946-4650-4017-A8E8-1C5E0B937FA6,0
E42CB76F-04EC-4DBA-801C-53AEEBA66543,0
E441D9FE-25FF-433E-8868-9C6D8ABCE775,0
E484338E-E5B6-4C81-8FE6-59A8179308C3,1
E4892DA1-B08A-49DD-89A5-94759C3054F8,0
E49973D0-C6F4-470C-9BF1-91CC67FB59E6,1
E49979E0-DC00-42CF-88A4-2FB3A7EDB038,1
E4A594AD-7B6D-4B8B-A16A-A2D7D95DB4AB,1
E4AFA4FD-A9B4-4D34-A0B1-6655C3BB7444,0
E4D83D29-DD83-430B-9B14-DA4513855312,1
E4F5E0C5-6D11-49C1-ABF6-AE8D329DB02E,1
E52BB5A6-FB29-4925-8DE8-B064A4F92F87,0
E5318A88-FAF6-4D98-8A3D-E9D49B68D7B5,1
E532271C-6A92-44C9-864A-05ED9E530D76,0
E53DA9A1-BA61-4DE8-B46F-042436143944,1
E56C0F81-BE95-4EA4-8254-51FB5B020092,0
E57A2716-1556-477B-B84A-538104F0EEF4,1
E5A9378A-339B-4AFE-A171-778852116A30,0
E5B019DC-A4B2-4C53-AA74-7AA8BAEDECE3,0
E5BD35D3-DED4-42F9-8C34-A6E3F2E35396,0
E5DA924F-6BCD-4541-B236-907F501DD5A2,1
E5DC0C47-18DD-4F44-BFC2-FDE5BE2C3503,1
E5E74FD4-F915-43BC-8311-7ABE1C1D10B1,1
E5F1EBDA-0542-4254-ACD9-E831C0FD655E,0
E5FDE9AC-A3D6-472B-BC2F-1BCD045A6302,0
E61122F1-6528-48DF-BDB4-8F82442993C7,0
E613AB27-2058-4A03-82DD-F8F449BAD4A4,0
E6313E7D-C6BC-45AF-8745-1E4714124488,1
E64A2466-19FF-4C6D-A076-0373AF072512,1
E651961C-378E-4B20-A7BF-619E43221DB1,0
E668E11A-0092-4030-9DBD-5A6FC684DA09,0
E671EBF2-B48C-4CB6-A8E1-BADB5FE4725B,1
E677BB8F-7B05-4DE3-A73F-6A0EF35D7FF1,1
E678E2E7-F726-4C3C-905D-4298D0B95A5C,1
E6B021D4-C40F-44B0-9FE8-E808EAD9FCA1,1
E6B093A6-4D0F-4B7A-A4E9-3472FD291690,0
E6B75D8A-5936-478C-BFAE-FFE6BC0C7D8F,1
E6C32D27-178F-4B5E-B7F9-FB1F396D3953,0
E6D23876-85FC-4E63-8EFD-7EA3B6CD9841,0
E6E553BE-E972-4723-8D77-82FD223B5F54,0
E6E6F214-9448-490D-9974-8BB170EAF213,0
E6E8DEF0-0DF2-49D3-8A3A-028E28C2E813,1
E6FE2570-76D3-4163-8485-6D572FF819DB,0
E7015E9E-F2CA-4285-835C-849E3496C3DA,1
E7077011-5200-415F-A53E-A2A4E7B92F21,1
E70D15B8-5400-4106-BAA9-937875299B60,1
E726AFBE-3B7E-4576-882B-96F0B204BDD6,1
E7375F7F-1CC9-44C3-AC64-3D4EE3681EDA,1
E73D2FD0-21E4-4BFF-8C61-E58AA8038391,1
E7424B5E-7F85-4D82-9D61-1D13A04E105F,0
E749BDFD-509A-4E63-BE84-19B60173693C,0
E78A4055-229F-4868-A80E-6C64EFACB54A,1
E79BBC78-E32A-48BF-8FD3-8A2BD344960B,1
E79FE616-D7A6-4BD7-98EA-EA7FDB1198E2,0
E7A55773-1EB0-4706-BA35-A6A377926140,1
E7AE3CC3-C076-438D-AE82-301EA85C0B4D,1
E7D5A897-4D9C-4AE8-8357-98C288F3FD65,0
E7E74F70-B1DB-46D0-BF74-7D176B5496E1,1
E7F69C0D-582D-4A61-82C3-9CA558D5E89E,1
E801605A-B7FF-4EA4-AC21-85583C54E96B,0
E8155364-6EB1-4C81-B2D8-CFA6B6E6E911,1
E82DFAE0-D593-4183-8D0C-88EA330A38B5,1
E82FBE73-027E-4D0A-A70B-31D5374645BA,1
E8356E90-A1BC-4EFB-8120-4D436AF5873C,0
E83D6A5A-866F-4164-B5A0-54A0B4812A2A,0
E867F077-758E-46A0-A251-0E661A998C30,0
E86A1A31-194D-4D18-AF6E-6E276FB38F2E,1
E86D8DFF-952A-4339-BFD8-489388D7B308,1
E885C794-BAFD-48AF-B4D6-82CF823798B1,0
E890C127-89A6-48D3-A040-94A858DE778A,1
E89B01F4-D170-444C-BC1E-271ED19FA97B,1
E8A85775-D057-44CA-82E7-04CD3510C13A,1
